product_name,generic_name,strength,dosage_form,pack_size,units_per_pack,unit_type,mrp_per_pack,company
Actol,Paracetamol,120 mg/5 ml,Oral Suspension,60 ml bottle,1.0,bottle,20.69,Somatec Pharmaceuticals Ltd.
Aquavit,Multivitamin + Cod Liver Oil,,Syrup,,,,,Somatec Pharmaceuticals Ltd.
Asmont,Montelukast Sodium,4 mg,Tablet,3 x 10,30.0,tablet,180.0,Somatec Pharmaceuticals Ltd.
Asmont,Montelukast Sodium,5 mg,Tablet,3 x 10,30.0,tablet,210.0,Somatec Pharmaceuticals Ltd.
Asmont,Montelukast Sodium,10 mg,Tablet,3 x 10,30.0,tablet,420.0,Somatec Pharmaceuticals Ltd.
B-Plus,Vitamin B complex,(5 mg+2 mg+2 mg+20 mg)/5 ml,Syrup,,,,,Somatec Pharmaceuticals Ltd.
Bacloflex,Baclofen,10 mg,Tablet,3 x 10,30.0,tablet,240.0,Somatec Pharmaceuticals Ltd.
Blextin,Bilastine,20 mg,Tablet,3 x 10,30.0,tablet,450.0,Somatec Pharmaceuticals Ltd.
Blextin,Bilastine,10 mg,Dispersible Tablet,3 x 10,30.0,tablet,360.0,Somatec Pharmaceuticals Ltd.
Caffo,Paracetamol + Caffeine,500 mg+65 mg,Tablet,10 x 10,100.0,tablet,190.0,Somatec Pharmaceuticals Ltd.
Calmet,Calcium Carbonate,500 mg,Tablet,5 x 10,50.0,tablet,150.0,Somatec Pharmaceuticals Ltd.
Calmet-D,Conventional Calcium + Vitamin D3,500 mg+200 IU,Tablet,6 x 10,60.0,tablet,420.0,Somatec Pharmaceuticals Ltd.
Carbomet,Carbonyl Iron + Folic Acid + Zinc Sulfate + Vitamin B Complex + Vitamin C,,Capsule,6 x 10,60.0,capsule,180.6,Somatec Pharmaceuticals Ltd.
Cartigen,Glucosamine Sulfate + Chondroitin,250 mg+200 mg,Tablet,3 x 10,30.0,tablet,240.9,Somatec Pharmaceuticals Ltd.
Cefador,Cefadroxil Monohydrate,125 mg/1.25 ml,Pediatric Drop,15 ml bottle,1.0,bottle,50.19,Somatec Pharmaceuticals Ltd.
Cefador,Cefadroxil Monohydrate,125 mg/5 ml,Powder for Suspension,100 ml bottle,1.0,bottle,70.26,Somatec Pharmaceuticals Ltd.
Cefador,Cefadroxil Monohydrate,500 mg,Capsule,2 x 10,20.0,capsule,241.0,Somatec Pharmaceuticals Ltd.
Cefurim,Cefuroxime Axetil,125 mg/5 ml,Powder for Suspension,70 ml bottle,1.0,bottle,200.0,Somatec Pharmaceuticals Ltd.
Cefurim,Cefuroxime Axetil,500 mg,Tablet,2 x 4,8.0,tablet,361.36,Somatec Pharmaceuticals Ltd.
Cefurim,Cefuroxime Axetil,250 mg,Tablet,3 x 4,12.0,tablet,301.2,Somatec Pharmaceuticals Ltd.
Cefurim CV,Cefuroxime Axetil + Clavulanic Acid,500 mg+125 mg,Tablet,2 x 4,8.0,tablet,440.0,Somatec Pharmaceuticals Ltd.
Cefurim CV,Cefuroxime Axetil + Clavulanic Acid,250 mg+62.5 mg,Tablet,2 x 6,12.0,tablet,396.0,Somatec Pharmaceuticals Ltd.
Cefurim CV,Cefuroxime Axetil + Clavulanic Acid,(125 mg+31.25 mg)/5 ml,Powder for Suspension,70 ml bottle,1.0,bottle,260.0,Somatec Pharmaceuticals Ltd.
Clindamet,Clindamycin,300 mg,Capsule,3 x 10,30.0,capsule,450.0,Somatec Pharmaceuticals Ltd.
Clindamet,Clindamycin,150 mg,Capsule,3 x 10,30.0,capsule,240.0,Somatec Pharmaceuticals Ltd.
Clonac TR,Diclofenac Sodium,100 mg,TR Capsule,,,,,Somatec Pharmaceuticals Ltd.
Copadox,Doxophylline,200 mg,Tablet,,,,,Somatec Pharmaceuticals Ltd.
Copadox,Doxophylline,400 mg,Tablet,,,,,Somatec Pharmaceuticals Ltd.
Coralmet D,Coral Calcium + Vitamin D3,500 mg+200 IU,Tablet,,,,,Somatec Pharmaceuticals Ltd.
D-High,Cholecalciferol [Vitamin D3],20000 IU,Capsule,2 x 6,12.0,capsule,240.0,Somatec Pharmaceuticals Ltd.
D-High,Cholecalciferol [Vitamin D3],40000 IU,Capsule,,,,,Somatec Pharmaceuticals Ltd.
Dexdin,Dextromethorphan + Pseudoephedrine + Triprolidine,(10 mg+30 mg+1.25 mg)/5 ml,Syrup,100 ml bottle,1.0,bottle,70.0,Somatec Pharmaceuticals Ltd.
Dexophan,Dextromethorphan Hydrobromide,10 mg/5 ml,Syrup,100 ml bottle,1.0,bottle,24.09,Somatec Pharmaceuticals Ltd.
Dormir,Flupentixol + Melitracen,0.5 mg+10 mg,Tablet,,,,,Somatec Pharmaceuticals Ltd.
Emidom,Domperidone Maleate,10 mg,Tablet,,,,,Somatec Pharmaceuticals Ltd.
Emidom,Domperidone Maleate,5 mg/5 ml,Oral Suspension,,,,,Somatec Pharmaceuticals Ltd.
Emogin,Tiemonium Methylsulfate,50 mg,Tablet,,,,,Somatec Pharmaceuticals Ltd.
Etoriflex,Etoricoxib,90 mg,Tablet,,,,,Somatec Pharmaceuticals Ltd.
Etoriflex,Etoricoxib,60 mg,Tablet,,,,,Somatec Pharmaceuticals Ltd.
Fexofen,Fexofenadine Hydrochloride,120 mg,Tablet,,,,,Somatec Pharmaceuticals Ltd.
Fexofen,Fexofenadine Hydrochloride,180 mg,Tablet,,,,,Somatec Pharmaceuticals Ltd.
Fexofen,Fexofenadine Hydrochloride,30 mg/5 ml,Oral Suspension,,,,,Somatec Pharmaceuticals Ltd.
Flavox,Flavoxate Hydrochloride,200 mg,Tablet,,,,,Somatec Pharmaceuticals Ltd.
Flavox,Flavoxate Hydrochloride,100 mg,Tablet,,,,,Somatec Pharmaceuticals Ltd.
Flucopen,Flucloxacillin Sodium,250 mg,Capsule,,,,,Somatec Pharmaceuticals Ltd.
Flucopen,Flucloxacillin Sodium,500 mg,Capsule,,,,,Somatec Pharmaceuticals Ltd.
Flucopen,Flucloxacillin Sodium,125 mg/5 ml,Powder for Suspension,,,,,Somatec Pharmaceuticals Ltd.
Flunol,Fluconazole,50 mg/5 ml,Powder for Suspension,,,,,Somatec Pharmaceuticals Ltd.
Flunol,Fluconazole,150 mg,Capsule,,,,,Somatec Pharmaceuticals Ltd.
Flunol,Fluconazole,50 mg,Capsule,,,,,Somatec Pharmaceuticals Ltd.
Fritt,Naproxen Sodium,500 mg,Tablet,,,,,Somatec Pharmaceuticals Ltd.
Fritt,Naproxen Sodium,250 mg,Tablet,,,,,Somatec Pharmaceuticals Ltd.
Hisnul,Chlorpheniramine Maleate,2 mg/5 ml,Syrup,,,,,Somatec Pharmaceuticals Ltd.
Hygea Gold,Multivitamin & Multimineral [A-Z gold preparation],,Tablet,,,,,Somatec Pharmaceuticals Ltd.
Ketoflex,Ketorolac Tromethamine,10 mg,Tablet,,,,,Somatec Pharmaceuticals Ltd.
Levora,Levofloxacin Hemihydrate,500 mg,Tablet,,,,,Somatec Pharmaceuticals Ltd.
Lodical,Amlodipine Besilate,5 mg,Tablet,,,,,Somatec Pharmaceuticals Ltd.
Lodical Plus,Amlodipine Besilate + Atenolol,5 mg+50 mg,Tablet,,,,,Somatec Pharmaceuticals Ltd.
Logeva,Super antioxidant [vitamins & minerals],,Tablet,,,,,Somatec Pharmaceuticals Ltd.
Losapot,Losartan Potassium,50 mg,Tablet,,,,,Somatec Pharmaceuticals Ltd.
Losapot Plus,Losartan Potassium + Hydrochlorothiazide,50 mg+12.5 mg,Tablet,3 x 10,30.0,tablet,240.0,Somatec Pharmaceuticals Ltd.
Losapot Plus,Losartan Potassium + Hydrochlorothiazide,100 mg+12.5 mg,Tablet,3 x 10,30.0,tablet,360.0,Somatec Pharmaceuticals Ltd.
Metomin,Metformin Hydrochloride,500 mg,Tablet,,,,,Somatec Pharmaceuticals Ltd.
Metomin,Metformin Hydrochloride,850 mg,Tablet,,,,,Somatec Pharmaceuticals Ltd.
Miovit,"Vitamin B1, B6 & B12",100 mg+200 mg+200 mcg,Tablet,,,,,Somatec Pharmaceuticals Ltd.
Mucobrox,Ambroxol Hydrochloride,15 mg/5 ml,Syrup,,,,,Somatec Pharmaceuticals Ltd.
Mucobrox,Ambroxol Hydrochloride,6 mg/ml,Pediatric Drop,,,,,Somatec Pharmaceuticals Ltd.
Naproflex,Naproxen Sodium + Esomeprazole Magnesium,375 mg+20 mg,DR Tablet,,,,,Somatec Pharmaceuticals Ltd.
Naproflex,Naproxen Sodium + Esomeprazole Magnesium,500 mg+20 mg,DR Tablet,,,,,Somatec Pharmaceuticals Ltd.
Natfol,Folinic Acid,5 mg,Tablet,,,,,Somatec Pharmaceuticals Ltd.
Neoprox,Cefpodoxime Proxetil,40 mg/5 ml,Powder for Suspension,,,,,Somatec Pharmaceuticals Ltd.
Neoprox,Cefpodoxime Proxetil,20 mg/ml,Pediatric Drop,,,,,Somatec Pharmaceuticals Ltd.
Nizox,Nitazoxanide,500 mg,Tablet,,,,,Somatec Pharmaceuticals Ltd.
Nizox,Nitazoxanide,100 mg/5 ml,Powder for Suspension,,,,,Somatec Pharmaceuticals Ltd.
Nyst,Nystatin,100000 unit/ml,Oral Suspension,,,,,Somatec Pharmaceuticals Ltd.
OME,Omeprazole,20 mg,EC Capsule,,,,,Somatec Pharmaceuticals Ltd.
OME,Omeprazole,40 mg,EC Capsule,,,,,Somatec Pharmaceuticals Ltd.
Ondamax,Ondansetron,8 mg,Tablet,,,,,Somatec Pharmaceuticals Ltd.
Ondamax,Ondansetron,4 mg/5 ml,Oral Solution,,,,,Somatec Pharmaceuticals Ltd.
Ondamax,Ondansetron,4 mg,Tablet,,,,,Somatec Pharmaceuticals Ltd.
Oralax,Lactulose,3.35 gm/5 ml,Oral Solution,,,,,Somatec Pharmaceuticals Ltd.
Orazid,Gliclazide,80 mg,Tablet,,,,,Somatec Pharmaceuticals Ltd.
Ostoflex,Aceclofenac,100 mg,Tablet,,,,,Somatec Pharmaceuticals Ltd.
Ostoflex SR,Aceclofenac,200 mg,SR Tablet,,,,,Somatec Pharmaceuticals Ltd.
Panto,Pantoprazole Sodium,20 mg,EC Tablet,,,,,Somatec Pharmaceuticals Ltd.
Panto,Pantoprazole Sodium,40 mg,EC Tablet,,,,,Somatec Pharmaceuticals Ltd.
Pediphen,Diphenhydramine Hydrochloride,10 mg/5 ml,Syrup,,,,,Somatec Pharmaceuticals Ltd.
Picolax,Sodium Picosulfate,10 mg,Tablet,,,,,Somatec Pharmaceuticals Ltd.
Picolax,Sodium Picosulfate,5 mg/5 ml,Oral Solution,,,,,Somatec Pharmaceuticals Ltd.
Picolax Kids,Sodium Picosulfate,5 mg/5 ml,Oral Solution,,,,,Somatec Pharmaceuticals Ltd.
Procet,Cetirizine Hydrochloride,10 mg,Tablet,10 x 10,100.0,tablet,250.0,Somatec Pharmaceuticals Ltd.
Procet,Cetirizine Hydrochloride,5 mg/5 ml,Tablet,60 ml bottle,1.0,bottle,20.0,Somatec Pharmaceuticals Ltd.
Rabeprol,Rabeprazole Sodium,20 mg,EC Capsule,6 x 10,60.0,tablet,345.0,Somatec Pharmaceuticals Ltd.
Rabeprol,Rabeprazole Sodium,20 mg,EC Capsule,6 x 10,60.0,tablet,345.0,Somatec Pharmaceuticals Ltd.
Rabeprol,Rabeprazole Sodium,10 mg,Sprinkle Capsule,,,,,Somatec Pharmaceuticals Ltd.
Respamox,Moxifloxacin Hydrochloride (Tablet),400 mg,Tablet,,,,,Somatec Pharmaceuticals Ltd.
Respazit,Azithromycin Dihydrate,250 mg,Capsule,,,,,Somatec Pharmaceuticals Ltd.
Respazit,Azithromycin Dihydrate,500 mg,Capsule,,,,,Somatec Pharmaceuticals Ltd.
Respazit,Azithromycin Dihydrate,200 mg/5 ml,Powder for Suspension,,,,,Somatec Pharmaceuticals Ltd.
Rupafen,Rupatadine Fumarate,10 mg,Tablet,,,,,Somatec Pharmaceuticals Ltd.
S-Ome,Esomeprazole,20 mg,EC Capsule,6 x 10,60.0,capsule,420.0,Somatec Pharmaceuticals Ltd.
S-Ome,Esomeprazole,40 mg,EC Capsule,3 x 10,30.0,capsule,270.0,Somatec Pharmaceuticals Ltd.
S-Ome,Esomeprazole,20 mg,EC Capsule,6 x 10,60.0,capsule,420.0,Somatec Pharmaceuticals Ltd.
S-Ome,Esomeprazole,40 mg,EC Capsule,3 x 10,30.0,capsule,270.0,Somatec Pharmaceuticals Ltd.
SB-Sol,Chlorhexidine Gluconate [0.2%],0.2%,Mouthwash,,,,,Somatec Pharmaceuticals Ltd.
Tamicod,Butamirate Citrate,7.5 mg/5 ml,Syrup,100 ml bottle,1.0,bottle,80.0,Somatec Pharmaceuticals Ltd.
Tamicol,Butamirate Citrate,7.5 mg/5 ml,Syrup,100 ml bottle,1.0,bottle,80.0,Somatec Pharmaceuticals Ltd.
Tgocef,Cefixime Trihydrate,200 mg,Capsule,3 x 4,12.0,capsule,480.0,Somatec Pharmaceuticals Ltd.
Tgocef,Cefixime Trihydrate,400 mg,Capsule,2 x 4,8.0,capsule,400.0,Somatec Pharmaceuticals Ltd.
Tgocef,Cefixime Trihydrate,100 mg/5 ml,Powder for Suspension,30 ml bottle,1.0,bottle,145.0,Somatec Pharmaceuticals Ltd.
Tgocef DS,Cefixime Trihydrate,200 mg/5 ml,Powder for Suspension,50 ml bottle,1.0,bottle,320.0,Somatec Pharmaceuticals Ltd.
Tifen,Ketotifen Fumarate (Oral),1 mg,Tablet,10 x 10,100.0,tablet,200.0,Somatec Pharmaceuticals Ltd.
Tifen,Ketotifen Fumarate (Oral),1 mg/5 ml,Syrup,100 ml bottle,1.0,bottle,48.0,Somatec Pharmaceuticals Ltd.
Tramatol,Paracetamol + Tramadol Hydrochloride,325 mg+37.5 mg,Tablet,3 x 10,30.0,tablet,240.0,Somatec Pharmaceuticals Ltd.
Trivorin,Voriconazole,200 mg,Tablet,1 x 6,6.0,tablet,720.0,Somatec Pharmaceuticals Ltd.
Trivorin,Voriconazole,50 mg,Tablet,1 x 10,10.0,tablet,500.0,Somatec Pharmaceuticals Ltd.
Tussy,Pseudoephedrine + Guaiphenasine + Triprolidine,(30 mg+100 mg+1.25 mg)/5 ml,Syrup,100 ml bottle,1.0,bottle,31.62,Somatec Pharmaceuticals Ltd.
Tybac,Neomycin Sulfate + Bacitracin Zinc,(5 mg+250 IU)/gm,Topical Powder,,,,,Somatec Pharmaceuticals Ltd.
Tydin,Cephradine,500 mg,Capsule,2 x 10,20.0,capsule,293.6,Somatec Pharmaceuticals Ltd.
Tydin,Cephradine,125 mg/5 ml,Powder for Suspension,100 ml bottle,1.0,bottle,82.0,Somatec Pharmaceuticals Ltd.
Tydin,Cephradine,125 mg/1.25 ml,Pediatric Drop,15 ml bottle,1.0,bottle,50.0,Somatec Pharmaceuticals Ltd.
Tydin DS,Cephradine,250 mg/5 ml,Powder for Suspension,100 ml bottle,1.0,bottle,120.46,Somatec Pharmaceuticals Ltd.
Tydox,Doxycycline Hydrochloride,100 mg,Capsule,,,,,Somatec Pharmaceuticals Ltd.
Tyflox,Ciprofloxacin,500 mg,Tablet,,,,,Somatec Pharmaceuticals Ltd.
Tyflox,Ciprofloxacin,250 mg/5 ml,Powder for Suspension,,,,,Somatec Pharmaceuticals Ltd.
Tymox,Amoxicillin Trihydrate,500 mg,Capsule,,,,,Somatec Pharmaceuticals Ltd.
Tymox,Amoxicillin Trihydrate,125 mg/5 ml,Powder for Suspension,,,,,Somatec Pharmaceuticals Ltd.
Tymox,Amoxicillin Trihydrate,125 mg/1.25 ml,Pediatric Drop,,,,,Somatec Pharmaceuticals Ltd.
Vermid,Albendazole,400 mg,Chewable Tablet,,,,,Somatec Pharmaceuticals Ltd.
X Lan,Dexlansoprazole,30 mg,EC Capsule,,,,,Somatec Pharmaceuticals Ltd.
X Lan,Dexlansoprazole,60 mg,EC Capsule,,,,,Somatec Pharmaceuticals Ltd.
X-Ride,Dapoxetine Hydrochloride,30 mg,Tablet,,,,,Somatec Pharmaceuticals Ltd.
X-Ride,Dapoxetine Hydrochloride,60 mg,Tablet,,,,,Somatec Pharmaceuticals Ltd.
Xioclon,Clonazepam,0.5 mg,Tablet,,,,,Somatec Pharmaceuticals Ltd.
Xioclon,Clonazepam,1 mg,Tablet,,,,,Somatec Pharmaceuticals Ltd.
Xioclon,Clonazepam,2 mg,Tablet,,,,,Somatec Pharmaceuticals Ltd.
Zinc Plus,Vitamin B Complex + Zinc,,Syrup,,,,,Somatec Pharmaceuticals Ltd.